{
    "v1_scores": {
        "faithfulness": 0.7545454545454545,
        "answer_relevancy": 0.40025705535553346,
        "context_recall": 0.8796296296296297,
        "context_precision": 0.8040123456118056
    },
    "v2_scores": {
        "faithfulness": 0.8428,
        "answer_relevancy": 0.4414,
        "context_recall": 0.8818,
        "context_precision": 0.8424
    }
}